frame,marker,raw,score,pred_dist,seg_error,support,margin,anchor_frames,lookahead,method,reason,segment_len
2842,CLAV,*52,5.973110482153135,12.57861914822815,3.8532080956607047,3,999.0,2843;2844,1,backward_lookahead_connect,long_continuous_segment_needs_manual_check,34
2843,CLAV,*52,1.3196774456766978,5.520051586424166,5.571161328037523,3,999.0,2844;2845,1,backward_lookahead_connect,long_continuous_segment_needs_manual_check,34
2844,CLAV,*52,-4.403719075281018,2.878632452385526,3.369748908809612,3,999.0,2845;2846,1,backward_lookahead_connect,long_continuous_segment_needs_manual_check,34
2845,CLAV,*52,-3.2370876705691263,2.699165237609843,4.331247922729308,3,999.0,2846;2847,1,backward_lookahead_connect,long_continuous_segment_needs_manual_check,34
2846,CLAV,*52,-5.680313914773098,1.5033811795155532,3.44021778979382,3,999.0,2847;2848,1,backward_lookahead_connect,long_continuous_segment_needs_manual_check,34
2847,CLAV,*52,-5.181177195468113,1.4545167009493924,3.831647216844639,3,999.0,2848;2849,1,backward_lookahead_connect,long_continuous_segment_needs_manual_check,34
2848,CLAV,*52,-4.333516125875253,2.635239082995899,3.5937462793777493,3,999.0,2849;2850,1,backward_lookahead_connect,long_continuous_segment_needs_manual_check,34
2849,CLAV,*52,-3.1025666795291773,2.748733909768226,4.391928150501855,3,999.0,2850;2851,1,backward_lookahead_connect,long_continuous_segment_needs_manual_check,34
2850,CLAV,*52,-5.630990644817903,1.1695385469713557,3.71390772015053,3,999.0,2851;2852,1,backward_lookahead_connect,long_continuous_segment_needs_manual_check,34
2851,CLAV,*52,-5.365087798382167,0.9869324673933866,4.034271238731748,3,999.0,2852;2853,1,backward_lookahead_connect,long_continuous_segment_needs_manual_check,34
2852,CLAV,*52,-5.79633689475569,0.7098979115222497,3.9241179955157577,3,999.0,2853;2854,1,backward_lookahead_connect,long_continuous_segment_needs_manual_check,34
2853,CLAV,*52,-6.324869292876603,0.5475141060549188,3.662583286477485,3,999.0,2854;2855,1,backward_lookahead_connect,long_continuous_segment_needs_manual_check,34
2854,CLAV,*52,-5.584541329644731,1.080298851750849,3.8108284418603,3,999.0,2855;2856,1,backward_lookahead_connect,long_continuous_segment_needs_manual_check,34
2855,CLAV,*52,-3.8465384616409715,2.354402560185926,4.142184984409359,3,999.0,2856;2857,1,backward_lookahead_connect,long_continuous_segment_needs_manual_check,34
2856,CLAV,*52,-3.9535845621755463,1.3473395708053133,4.785054190727958,3,999.0,2857;2858,1,backward_lookahead_connect,long_continuous_segment_needs_manual_check,34
2857,CLAV,*52,-2.5972834438324277,3.1053520732529742,4.498117487796141,3,999.0,2858;2859,1,backward_lookahead_connect,long_continuous_segment_needs_manual_check,34
2858,CLAV,*52,-1.1293689731318537,5.078343011137731,4.137348582664582,3,999.0,2859;2860,1,backward_lookahead_connect,long_continuous_segment_needs_manual_check,34
2859,CLAV,*52,0.8302904783031853,5.696956853784011,5.095238303227982,3,999.0,2860;2861,1,backward_lookahead_connect,long_continuous_segment_needs_manual_check,34
2860,CLAV,*52,-3.4843672498845653,3.255791160684709,3.7570297067362333,3,999.0,2861;2862,1,backward_lookahead_connect,long_continuous_segment_needs_manual_check,34
2861,CLAV,*52,-3.5673745468405613,1.160458504513586,5.194404963318466,3,999.0,2862;2863,1,backward_lookahead_connect,long_continuous_segment_needs_manual_check,34
2862,CLAV,*52,-1.082019400209795,3.9382971763667176,4.985488159588205,3,999.0,2863;2864,1,backward_lookahead_connect,long_continuous_segment_needs_manual_check,34
2863,CLAV,*52,-0.5526313679054446,5.1822162565279015,4.475108839690468,3,999.0,2864;2865,1,backward_lookahead_connect,long_continuous_segment_needs_manual_check,34
2864,CLAV,*52,-3.338950289113953,0.5400971912534741,5.8006803711661235,3,999.0,2865;2866,1,backward_lookahead_connect,long_continuous_segment_needs_manual_check,34
2865,CLAV,*52,-2.538754134915216,2.7989973682908853,4.758748926281356,3,999.0,2866;2867,1,backward_lookahead_connect,long_continuous_segment_needs_manual_check,34
2866,CLAV,*52,-5.1059082574891335,1.5841981952815039,3.7927811051638307,3,999.0,2867;2868,1,backward_lookahead_connect,long_continuous_segment_needs_manual_check,34
2867,CLAV,*52,-4.421743785657456,2.0312516930004545,3.9621460866729215,3,999.0,2868;2869,1,backward_lookahead_connect,long_continuous_segment_needs_manual_check,34
2868,CLAV,*52,-3.2935514966448682,1.994886649205266,4.79397275296419,3,999.0,2869;2870,1,backward_lookahead_connect,long_continuous_segment_needs_manual_check,34
2869,CLAV,*52,-1.0143240966397862,4.473471182081138,4.651574800913626,3,999.0,2870;2871,1,backward_lookahead_connect,long_continuous_segment_needs_manual_check,34
2870,CLAV,*52,-1.5757683812380456,5.21923722524005,3.717853138229932,3,999.0,2871;2872,1,backward_lookahead_connect,long_continuous_segment_needs_manual_check,34
2871,CLAV,*52,1.1634253011919675,6.013790910666438,5.1068817075182364,3,999.0,2872;2873,1,backward_lookahead_connect,long_continuous_segment_needs_manual_check,34
2872,CLAV,*52,-2.4053710954368555,4.6472352055835575,3.533852642128276,3,999.0,2873;2874,1,backward_lookahead_connect,long_continuous_segment_needs_manual_check,34
2873,CLAV,*52,-3.643787825766646,1.011171185861574,5.246457848836987,3,999.0,2874;2875,1,backward_lookahead_connect,long_continuous_segment_needs_manual_check,34
2874,CLAV,*52,-1.6074632433143368,3.828434704427827,4.688644323041312,3,999.0,2875;2877,1,backward_lookahead_connect,long_continuous_segment_needs_manual_check,34
2875,CLAV,*52,0.4523041657457867,7.353376028108767,3.642091526883585,3,999.0,2877;2878,2,backward_lookahead_connect,long_continuous_segment_needs_manual_check,34
2767,CLAV,*59,-7.31961255830831,0.87224285815227,2.720103273956729,3,999.0,2768;2769,1,backward_lookahead_connect,long_continuous_segment_needs_manual_check,33
2768,CLAV,*59,-6.272498430866532,1.2920355818360194,3.1681899909267486,3,999.0,2769;2770,1,backward_lookahead_connect,long_continuous_segment_needs_manual_check,33
2769,CLAV,*59,-7.322795062466968,0.7427015237403541,2.8103595812804847,3,999.0,2770;2771,1,backward_lookahead_connect,long_continuous_segment_needs_manual_check,33
2770,CLAV,*59,-3.9587979578455084,4.2608826081006885,2.700228167181289,3,999.0,2771;2772,1,backward_lookahead_connect,long_continuous_segment_needs_manual_check,33
2771,CLAV,*59,0.9974829802017204,8.231986507033245,3.403926052263197,3,999.0,2772;2773,1,backward_lookahead_connect,long_continuous_segment_needs_manual_check,33
2772,CLAV,*59,-1.9532490846644883,4.2283262413025975,4.156017624309224,3,999.0,2773;2774,1,backward_lookahead_connect,long_continuous_segment_needs_manual_check,33
2773,CLAV,*59,-8.082338633391586,0.34349664243304107,2.5529748029824098,3,999.0,2774;2775,1,backward_lookahead_connect,long_continuous_segment_needs_manual_check,33
2774,CLAV,*59,-5.8104339814793144,1.1428717928664824,3.604781589753003,3,999.0,2775;2776,1,backward_lookahead_connect,long_continuous_segment_needs_manual_check,33
2775,CLAV,*59,-6.660102325494404,1.196834050815158,2.959331159778884,3,999.0,2776;2777,1,backward_lookahead_connect,long_continuous_segment_needs_manual_check,33
2776,CLAV,*59,-7.366425964439637,0.4216826770971563,3.008493827473719,3,999.0,2777;2778,1,backward_lookahead_connect,long_continuous_segment_needs_manual_check,33
2777,CLAV,*59,-6.865123670645572,0.8120971400782877,3.087699420911529,3,999.0,2778;2779,1,backward_lookahead_connect,long_continuous_segment_needs_manual_check,33
2778,CLAV,*59,-3.6961047590085645,3.242544076453806,3.615250831812593,3,999.0,2779;2780,1,backward_lookahead_connect,long_continuous_segment_needs_manual_check,33
2779,CLAV,*59,0.28103162978614904,7.07760968869309,3.7167299579236137,3,999.0,2780;2781,1,backward_lookahead_connect,long_continuous_segment_needs_manual_check,33
2780,CLAV,*59,-2.5757003368043208,3.3182774719449926,4.361444422321919,3,999.0,2781;2782,1,backward_lookahead_connect,long_continuous_segment_needs_manual_check,33
2781,CLAV,*59,-2.465737012900849,4.237859062512769,3.783145660418844,3,999.0,2782;2783,1,backward_lookahead_connect,long_continuous_segment_needs_manual_check,33
2782,CLAV,*59,-2.7819416092379505,4.201063425179731,3.583567832558799,3,999.0,2783;2784,1,backward_lookahead_connect,long_continuous_segment_needs_manual_check,33
2783,CLAV,*59,-4.6201875991622074,1.2820421192985807,4.355550201099438,3,999.0,2784;2785,1,backward_lookahead_connect,long_continuous_segment_needs_manual_check,33
2784,CLAV,*59,-0.6149831030983695,5.2447234819921915,4.385923867792457,3,999.0,2785;2786,1,backward_lookahead_connect,long_continuous_segment_needs_manual_check,33
2785,CLAV,*59,-0.6900580911654384,4.106420512356979,5.145372426055417,3,999.0,2786;2787,1,backward_lookahead_connect,long_continuous_segment_needs_manual_check,33
2786,CLAV,*59,-6.030256809413327,0.8106656648155622,3.6850553755507938,3,999.0,2787;2788,1,backward_lookahead_connect,long_continuous_segment_needs_manual_check,33
2787,CLAV,*59,-6.020790032855613,0.9893285400322518,3.564201019365811,3,999.0,2788;2789,1,backward_lookahead_connect,long_continuous_segment_needs_manual_check,33
2788,CLAV,*59,-5.390712810620224,0.9756045988854571,4.024058993210228,3,999.0,2789;2790,1,backward_lookahead_connect,long_continuous_segment_needs_manual_check,33
2789,CLAV,*59,-5.474676910439197,0.9363051752843564,3.992155653054605,3,999.0,2790;2791,1,backward_lookahead_connect,long_continuous_segment_needs_manual_check,33
2790,CLAV,*59,-5.664300219946405,0.9826640409840712,3.8235969564782315,3,999.0,2791;2792,1,backward_lookahead_connect,long_continuous_segment_needs_manual_check,33
2791,CLAV,*59,-4.9794092983965985,1.2031112831126451,4.155342441779112,3,999.0,2792;2793,1,backward_lookahead_connect,long_continuous_segment_needs_manual_check,33
2792,CLAV,*59,-5.476306490851889,1.0154866422348292,3.9344334763666304,3,999.0,2793;2794,1,backward_lookahead_connect,long_continuous_segment_needs_manual_check,33
2793,CLAV,*59,-5.30945276819877,0.9580705298446485,4.094626215683273,3,999.0,2794;2795,1,backward_lookahead_connect,long_continuous_segment_needs_manual_check,33
2794,CLAV,*59,-2.633399344978585,3.976415164893597,3.850132492948442,3,999.0,2795;2796,1,backward_lookahead_connect,long_continuous_segment_needs_manual_check,33
2795,CLAV,*59,-2.382916379987341,3.8475004988821304,4.121130800807521,3,999.0,2796;2797,1,backward_lookahead_connect,long_continuous_segment_needs_manual_check,33
2796,CLAV,*59,-0.869415042037673,4.387748540597462,4.816311726689189,3,999.0,2797;2798,1,backward_lookahead_connect,long_continuous_segment_needs_manual_check,33
2797,CLAV,*59,-0.7821357730775453,4.2344510152546215,4.988152294048452,3,999.0,2798;2799,1,backward_lookahead_connect,long_continuous_segment_needs_manual_check,33
2798,CLAV,*59,-5.598300590096758,0.8048224480673574,3.9977692584542033,3,999.0,2799;2801,1,backward_lookahead_connect,long_continuous_segment_needs_manual_check,33
2799,CLAV,*59,-6.136877031190838,1.3779793128168814,3.2036740399944867,3,999.0,2801;2802,2,backward_lookahead_connect,long_continuous_segment_needs_manual_check,33
2619,RSHO,*65,16.80194679951839,0.4183319732853196,17.416867733023622,2,999.0,2620;2621,1,backward_lookahead_connect,long_continuous_segment_needs_manual_check,190
2620,RSHO,*65,16.21091233027221,0.8984615903195406,16.65175052853762,2,999.0,2621;2622,1,backward_lookahead_connect,long_continuous_segment_needs_manual_check,190
2621,RSHO,*65,14.502137082810432,0.4063472496719178,15.782707023670369,2,999.0,2622;2623,1,backward_lookahead_connect,long_continuous_segment_needs_manual_check,190
2622,RSHO,*65,13.552799724418858,0.3668129820049674,15.132847673152781,2,999.0,2623;2624,1,backward_lookahead_connect,long_continuous_segment_needs_manual_check,190
2623,RSHO,*65,12.454394747879796,0.39194897868271183,14.330318406569347,2,999.0,2624;2625,1,backward_lookahead_connect,long_continuous_segment_needs_manual_check,190
2624,RSHO,*65,11.2701762727479,0.31909570239186325,13.536486121682884,2,999.0,2625;2626,1,backward_lookahead_connect,long_continuous_segment_needs_manual_check,190
2625,RSHO,*65,10.241226686509652,0.33984406926151056,12.78670186946296,2,999.0,2626;2627,1,backward_lookahead_connect,long_continuous_segment_needs_manual_check,190
2626,RSHO,*65,9.195699860084048,0.27161730969591646,12.08863039313438,2,999.0,2627;2628,1,backward_lookahead_connect,long_continuous_segment_needs_manual_check,190
2627,RSHO,*65,8.4379060657329,0.2960011430679069,11.529932087617851,2,999.0,2628;2629,1,backward_lookahead_connect,long_continuous_segment_needs_manual_check,190
2628,RSHO,*65,7.730201312726074,0.21323437891840152,11.083547809862623,2,999.0,2629;2630,1,backward_lookahead_connect,long_continuous_segment_needs_manual_check,190
2629,RSHO,*65,7.372283981018699,0.28871971865982426,10.773974473113483,2,999.0,2630;2631,1,backward_lookahead_connect,long_continuous_segment_needs_manual_check,190
2630,RSHO,*65,6.873232582361679,0.18354311267562906,10.492635335490036,2,999.0,2631;2632,1,backward_lookahead_connect,long_continuous_segment_needs_manual_check,190
2631,RSHO,*65,6.621189081959704,0.22553946482883375,10.282606869379194,2,999.0,2632;2633,1,backward_lookahead_connect,long_continuous_segment_needs_manual_check,190
2632,RSHO,*65,6.3460235367884525,0.27508066239645257,10.050673481708571,2,999.0,2633;2634,1,backward_lookahead_connect,long_continuous_segment_needs_manual_check,190
2633,RSHO,*65,6.102806060798473,0.32968969033630063,9.837940264615838,2,999.0,2634;2635,1,backward_lookahead_connect,long_continuous_segment_needs_manual_check,190
2634,RSHO,*65,6.016887183971354,0.42027358917310176,9.711866853427324,2,999.0,2635;2636,1,backward_lookahead_connect,long_continuous_segment_needs_manual_check,190
2635,RSHO,*65,5.876413193891821,0.5219296403311979,9.538916823971874,2,999.0,2636;2637,1,backward_lookahead_connect,long_continuous_segment_needs_manual_check,190
2636,RSHO,*65,5.564543342219462,0.5098164887465739,9.324804895337778,2,999.0,2637;2638,1,backward_lookahead_connect,long_continuous_segment_needs_manual_check,190
2637,RSHO,*65,5.1645281812836465,0.4226871111778092,9.101315050075598,2,999.0,2638;2639,1,backward_lookahead_connect,long_continuous_segment_needs_manual_check,190
2638,RSHO,*65,4.940931671951896,0.32625230636959845,9.010485261130214,2,999.0,2639;2640,1,backward_lookahead_connect,long_continuous_segment_needs_manual_check,190
2639,RSHO,*65,4.683686117370797,0.3658311785358608,8.798467813453527,2,999.0,2640;2641,1,backward_lookahead_connect,long_continuous_segment_needs_manual_check,190
2640,RSHO,*65,4.461535833046652,0.34489703758604223,8.65474199675758,2,999.0,2641;2642,1,backward_lookahead_connect,long_continuous_segment_needs_manual_check,190
2641,RSHO,*65,4.399951886459126,0.4245185110089784,8.553880982464392,2,999.0,2642;2643,1,backward_lookahead_connect,long_continuous_segment_needs_manual_check,190
2642,RSHO,*65,4.923582745823323,1.0045640021950069,8.51358481687737,2,999.0,2643;2644,1,backward_lookahead_connect,long_continuous_segment_needs_manual_check,190
2643,RSHO,*65,5.391847565560244,1.5163884538986168,8.48247079404402,2,999.0,2644;2645,1,backward_lookahead_connect,long_continuous_segment_needs_manual_check,190
2644,RSHO,*65,5.690428072373733,1.377371233505263,8.795040599191765,2,999.0,2645;2646,1,backward_lookahead_connect,long_continuous_segment_needs_manual_check,190
2645,RSHO,*65,4.973367616115942,0.6774859964392829,8.782772585483329,2,999.0,2646;2647,1,backward_lookahead_connect,long_continuous_segment_needs_manual_check,190
2646,RSHO,*65,5.4666934759004615,2.1319774803170053,8.09622571113104,2,999.0,2647;2648,1,backward_lookahead_connect,long_continuous_segment_needs_manual_check,190
2647,RSHO,*65,6.006921089160125,2.0144992192143927,8.566015621389809,2,999.0,2648;2649,1,backward_lookahead_connect,long_continuous_segment_needs_manual_check,190
2648,RSHO,*65,4.109288493013503,1.0102215670004633,7.927904947152172,2,999.0,2649;2650,1,backward_lookahead_connect,long_continuous_segment_needs_manual_check,190
2649,RSHO,*65,4.17896125086733,1.9068655839128712,7.3372111906817565,2,999.0,2650;2651,1,backward_lookahead_connect,long_continuous_segment_needs_manual_check,190
2650,RSHO,*65,3.6748556904700163,0.5944547736849052,7.914572083417937,2,999.0,2651;2652,1,backward_lookahead_connect,long_continuous_segment_needs_manual_check,190
2651,RSHO,*65,3.2513894402108985,0.6088266566753977,7.601830559668215,2,999.0,2652;2653,1,backward_lookahead_connect,long_continuous_segment_needs_manual_check,190
2652,RSHO,*65,2.60092301696468,0.3880285613252636,7.294924611171012,2,999.0,2653;2654,1,backward_lookahead_connect,long_continuous_segment_needs_manual_check,190
2653,RSHO,*65,1.7530524143153876,0.23885532702166767,6.795855062352658,2,999.0,2654;2655,1,backward_lookahead_connect,long_continuous_segment_needs_manual_check,190
2654,RSHO,*65,1.10741018497502,0.2799628997182816,6.305319489469099,2,999.0,2655;2656,1,backward_lookahead_connect,long_continuous_segment_needs_manual_check,190
2655,RSHO,*65,2.1802173292655667,1.9758449720860438,5.860265969413945,2,999.0,2656;2657,1,backward_lookahead_connect,long_continuous_segment_needs_manual_check,190
2656,RSHO,*65,1.6629410249314525,1.843654067932649,5.5852049692848595,2,999.0,2657;2658,1,backward_lookahead_connect,long_continuous_segment_needs_manual_check,190
2657,RSHO,*65,1.1203445688653026,0.40596672214699064,6.224555604798795,2,999.0,2658;2659,1,backward_lookahead_connect,long_continuous_segment_needs_manual_check,190
2658,RSHO,*65,0.9148376515131726,0.48031993825460495,6.024655509470406,2,999.0,2659;2660,1,backward_lookahead_connect,long_continuous_segment_needs_manual_check,190
2659,RSHO,*65,0.4244194677270805,0.42036979317602374,5.7171783389650415,2,999.0,2660;2661,1,backward_lookahead_connect,long_continuous_segment_needs_manual_check,190
2660,RSHO,*65,0.42895262495697395,0.5175648707816026,5.650991252982408,2,999.0,2661;2662,1,backward_lookahead_connect,long_continuous_segment_needs_manual_check,190
2661,RSHO,*65,-0.05165412010372172,0.4084353633338952,5.385650368973131,2,999.0,2662;2663,1,backward_lookahead_connect,long_continuous_segment_needs_manual_check,190
2662,RSHO,*65,-0.3859333921573578,0.4261034568811235,5.1342593935439425,2,999.0,2663;2664,1,backward_lookahead_connect,long_continuous_segment_needs_manual_check,190
2663,RSHO,*65,-0.7370317694209616,0.4582380933906325,4.860521526563147,2,999.0,2664;2665,1,backward_lookahead_connect,long_continuous_segment_needs_manual_check,190
2664,RSHO,*65,-1.1761483110845665,0.3992593006079802,4.588994563076753,2,999.0,2665;2666,1,backward_lookahead_connect,long_continuous_segment_needs_manual_check,190
2665,RSHO,*65,-1.549333101837819,0.4568530819510768,4.281295583007932,2,999.0,2666;2667,1,backward_lookahead_connect,long_continuous_segment_needs_manual_check,190
2666,RSHO,*65,-1.9654355938161725,0.46840141766271115,3.975830706086512,2,999.0,2667;2668,1,backward_lookahead_connect,long_continuous_segment_needs_manual_check,190
2667,RSHO,*65,-2.4157951079051356,0.44996453553595955,3.667314540399218,2,999.0,2668;2669,1,backward_lookahead_connect,long_continuous_segment_needs_manual_check,190
2668,RSHO,*65,-2.7875420526869155,0.4696845949899121,3.3876952516594088,2,999.0,2669;2670,1,backward_lookahead_connect,long_continuous_segment_needs_manual_check,190
2669,RSHO,*65,-3.320404345723049,0.4405350527366857,3.027900429671618,2,999.0,2670;2671,1,backward_lookahead_connect,long_continuous_segment_needs_manual_check,190
2670,RSHO,*65,-3.769116822706734,0.3991088085463255,2.7369816919621,2,999.0,2671;2672,1,backward_lookahead_connect,long_continuous_segment_needs_manual_check,190
2671,RSHO,*65,-3.887594425576472,0.4477237435938097,2.6176298791640846,2,999.0,2672;2673,1,backward_lookahead_connect,long_continuous_segment_needs_manual_check,190
2672,RSHO,*65,-3.705034119794444,0.36634652266317086,2.8061566839588465,2,999.0,2673;2674,1,backward_lookahead_connect,long_continuous_segment_needs_manual_check,190
2673,RSHO,*65,-3.729804188272558,0.3520196488883111,2.798697259170808,2,999.0,2674;2675,1,backward_lookahead_connect,long_continuous_segment_needs_manual_check,190
2674,RSHO,*65,-3.8373435559870908,0.34444911803910494,2.727290947124146,2,999.0,2675;2676,1,backward_lookahead_connect,long_continuous_segment_needs_manual_check,190
2675,RSHO,*65,-2.9835754427979753,1.4433012610758524,2.552230925804409,2,999.0,2676;2677,1,backward_lookahead_connect,long_continuous_segment_needs_manual_check,190
2676,RSHO,*65,-3.3027470016666083,1.2904402309782037,2.433437690967992,2,999.0,2677;2678,1,backward_lookahead_connect,long_continuous_segment_needs_manual_check,190
2677,RSHO,*65,-4.299947603078158,0.27971659148085215,2.4430970038864217,2,999.0,2678;2679,1,backward_lookahead_connect,long_continuous_segment_needs_manual_check,190
2678,RSHO,*65,-4.364763210443339,0.20292782612847365,2.451649259591562,2,999.0,2679;2680,1,backward_lookahead_connect,long_continuous_segment_needs_manual_check,190
2679,RSHO,*65,-3.9040935506245305,0.9766499370531978,2.22804036594448,2,999.0,2680;2681,1,backward_lookahead_connect,long_continuous_segment_needs_manual_check,190
2680,RSHO,*65,-2.8489657913808246,2.186053472386378,2.117843383023427,2,999.0,2681;2682,1,backward_lookahead_connect,long_continuous_segment_needs_manual_check,190
2681,RSHO,*65,-4.3615604392138465,0.9720090451668372,1.904593225442369,2,999.0,2682;2683,1,backward_lookahead_connect,long_continuous_segment_needs_manual_check,190
2682,RSHO,*65,-5.253146245924727,0.036197967680773935,1.9361827045675,2,999.0,2683;2684,1,backward_lookahead_connect,long_continuous_segment_needs_manual_check,190
2683,RSHO,*65,-4.840704718015257,0.1625775111380229,2.140512693461943,2,999.0,2684;2685,1,backward_lookahead_connect,long_continuous_segment_needs_manual_check,190
2684,RSHO,*65,-4.628223105015923,0.14923466714876943,2.30181587702522,2,999.0,2685;2686,1,backward_lookahead_connect,long_continuous_segment_needs_manual_check,190
2685,RSHO,*65,-4.463323108939874,0.09464535722746444,2.4585939527376155,2,999.0,2686;2687,1,backward_lookahead_connect,long_continuous_segment_needs_manual_check,190
2686,RSHO,*65,-4.251319432322299,0.1159855405818176,2.594782162211345,2,999.0,2687;2688,1,backward_lookahead_connect,long_continuous_segment_needs_manual_check,190
2687,RSHO,*65,-4.0325658125833375,0.13432536220271848,2.737934875152817,2,999.0,2688;2689,1,backward_lookahead_connect,long_continuous_segment_needs_manual_check,190
2688,RSHO,*65,-3.9518218047006908,0.08112141723391972,2.8336119843324212,2,999.0,2689;2690,1,backward_lookahead_connect,long_continuous_segment_needs_manual_check,190
2689,RSHO,*65,-3.8353007107256953,0.08010436419006685,2.9175678036315986,2,999.0,2690;2691,1,backward_lookahead_connect,long_continuous_segment_needs_manual_check,190
2690,RSHO,*65,-3.6526883532056917,0.09426310316114662,3.0378918168808298,2,999.0,2691;2692,1,backward_lookahead_connect,long_continuous_segment_needs_manual_check,190
2691,RSHO,*65,-3.6872621661718172,0.03756556751675068,3.0536944759367373,2,999.0,2692;2693,1,backward_lookahead_connect,long_continuous_segment_needs_manual_check,190
2692,RSHO,*65,-3.4850043180008132,0.12899528665211848,3.132857425247906,2,999.0,2693;2694,1,backward_lookahead_connect,long_continuous_segment_needs_manual_check,190
2693,RSHO,*65,-3.4374255976441406,0.051722244421237906,3.222037255667587,2,999.0,2694;2695,1,backward_lookahead_connect,long_continuous_segment_needs_manual_check,190
2694,RSHO,*65,-3.34954641742167,0.07881896436447518,3.265453298724182,2,999.0,2695;2696,1,backward_lookahead_connect,long_continuous_segment_needs_manual_check,190
2695,RSHO,*65,-3.2956403369555787,0.06320363755660764,3.31511144677701,2,999.0,2696;2697,1,backward_lookahead_connect,long_continuous_segment_needs_manual_check,190
2696,RSHO,*65,-3.2190464110006154,0.06735323519411207,3.3668573955751953,2,999.0,2697;2698,1,backward_lookahead_connect,long_continuous_segment_needs_manual_check,190
2697,RSHO,*65,-3.241855531802427,0.01555918451835414,3.3875609169137277,2,999.0,2698;2699,1,backward_lookahead_connect,long_continuous_segment_needs_manual_check,190
2698,RSHO,*65,-3.231053082681991,0.04549474170336703,3.373894411153316,2,999.0,2699;2700,1,backward_lookahead_connect,long_continuous_segment_needs_manual_check,190
2699,RSHO,*65,-3.1102347286706458,0.10585496200885906,3.4170787923717825,2,999.0,2700;2701,1,backward_lookahead_connect,long_continuous_segment_needs_manual_check,190
2700,RSHO,*65,-3.113487755072934,0.04529966478829668,3.4580089858134073,2,999.0,2701;2702,1,backward_lookahead_connect,long_continuous_segment_needs_manual_check,190
2701,RSHO,*65,-3.0390026695983687,0.09215443551601446,3.477744924918298,2,999.0,2702;2703,1,backward_lookahead_connect,long_continuous_segment_needs_manual_check,190
2702,RSHO,*65,-2.8774195249086105,0.10561861763807098,3.5835441838952278,2,999.0,2703;2704,1,backward_lookahead_connect,long_continuous_segment_needs_manual_check,190
2703,RSHO,*65,-2.835077012818852,0.06540837759331676,3.6425104354198794,2,999.0,2704;2705,1,backward_lookahead_connect,long_continuous_segment_needs_manual_check,190
2704,RSHO,*65,-2.728988663401939,0.13151744943327495,3.671067062260562,2,999.0,2705;2706,1,backward_lookahead_connect,long_continuous_segment_needs_manual_check,190
2705,RSHO,*65,-2.73948208232152,0.08494074488338718,3.6968408377107806,2,999.0,2706;2707,1,backward_lookahead_connect,long_continuous_segment_needs_manual_check,190
2706,RSHO,*65,-2.6551357754894322,0.0728174802300776,3.7657476744860645,2,999.0,2707;2708,1,backward_lookahead_connect,long_continuous_segment_needs_manual_check,190
2707,RSHO,*65,-2.533829106363214,0.12954789196273644,3.8118735726243216,2,999.0,2708;2709,1,backward_lookahead_connect,long_continuous_segment_needs_manual_check,190
2708,RSHO,*65,-2.4770772142841855,0.09666221272879902,3.87590040927644,2,999.0,2709;2710,1,backward_lookahead_connect,long_continuous_segment_needs_manual_check,190
2709,RSHO,*65,-2.417378412589837,0.1329745853333786,3.8926050014834175,2,999.0,2710;2711,1,backward_lookahead_connect,long_continuous_segment_needs_manual_check,190
2710,RSHO,*65,-2.320238302728585,0.09757963990256459,3.987272898120608,2,999.0,2711;2712,1,backward_lookahead_connect,long_continuous_segment_needs_manual_check,190
2711,RSHO,*65,-2.38537221363885,0.06633373115490546,3.9630671822901746,2,999.0,2712;2713,1,backward_lookahead_connect,long_continuous_segment_needs_manual_check,190
2712,RSHO,*65,-2.315243293713092,0.07708356640862118,4.005480814198776,2,999.0,2713;2714,1,backward_lookahead_connect,long_continuous_segment_needs_manual_check,190
2713,RSHO,*65,-2.3220228650542367,0.06316717751158238,4.010578541024415,2,999.0,2714;2715,1,backward_lookahead_connect,long_continuous_segment_needs_manual_check,190
2714,RSHO,*65,-2.3115379165878664,0.02277619494041955,4.04691849176551,2,999.0,2715;2716,1,backward_lookahead_connect,long_continuous_segment_needs_manual_check,190
2715,RSHO,*65,-2.2635012445424207,0.09026511523297782,4.033024028731859,2,999.0,2716;2717,1,backward_lookahead_connect,long_continuous_segment_needs_manual_check,190
2716,RSHO,*65,-2.3725709066047047,0.03957471005932381,3.991324559525694,2,999.0,2717;2718,1,backward_lookahead_connect,long_continuous_segment_needs_manual_check,190
2717,RSHO,*65,-2.361662061583547,0.04317407966476642,3.996545613394062,2,999.0,2718;2719,1,backward_lookahead_connect,long_continuous_segment_needs_manual_check,190
2718,RSHO,*65,-2.412799147833198,0.059575098267598055,3.948304109928003,2,999.0,2719;2720,1,backward_lookahead_connect,long_continuous_segment_needs_manual_check,190
2719,RSHO,*65,-2.5614095238538592,0.04855438030158016,3.8500257827461155,2,999.0,2720;2721,1,backward_lookahead_connect,long_continuous_segment_needs_manual_check,190
2720,RSHO,*65,-2.6588514067107276,0.019677567777094084,3.801050732508699,2,999.0,2721;2722,1,backward_lookahead_connect,long_continuous_segment_needs_manual_check,190
2721,RSHO,*65,-2.6608732399910524,0.06960158601257993,3.7639465528545486,2,999.0,2722;2723,1,backward_lookahead_connect,long_continuous_segment_needs_manual_check,190
2722,RSHO,*65,-2.7248011949735833,0.04988973732665466,3.732363619785545,2,999.0,2723;2724,1,backward_lookahead_connect,long_continuous_segment_needs_manual_check,190
2723,RSHO,*65,-2.683237914975562,0.11999424791457775,3.711977026507043,2,999.0,2724;2725,1,backward_lookahead_connect,long_continuous_segment_needs_manual_check,190
2724,RSHO,*65,-2.743081115496821,0.07613988351255363,3.7005564292790183,2,999.0,2725;2726,1,backward_lookahead_connect,long_continuous_segment_needs_manual_check,190
2725,RSHO,*65,-3.395122259981079,0.11770029722762032,3.2051267448509293,2,999.0,2726;2727,1,backward_lookahead_connect,long_continuous_segment_needs_manual_check,190
2726,RSHO,*65,-3.202670264876497,0.04457338581639162,3.394825963790794,2,999.0,2727;2728,1,backward_lookahead_connect,long_continuous_segment_needs_manual_check,190
2727,RSHO,*65,-3.8248647701876513,0.0479052495484919,2.9480214144741836,2,999.0,2728;2729,1,backward_lookahead_connect,long_continuous_segment_needs_manual_check,190
2728,RSHO,*65,-3.7222112045291444,0.11176783743745346,2.9757292557381447,2,999.0,2729;2730,1,backward_lookahead_connect,long_continuous_segment_needs_manual_check,190
2729,RSHO,*65,-3.9131939366017443,0.03845748864285003,2.8916775533967183,2,999.0,2730;2731,1,backward_lookahead_connect,long_continuous_segment_needs_manual_check,190
2730,RSHO,*65,-3.9873221670324073,0.09649489423613712,2.7972735276653253,2,999.0,2731;2732,1,backward_lookahead_connect,long_continuous_segment_needs_manual_check,190
2731,RSHO,*65,-4.1127915889012385,0.01961311825135799,2.7625680663195737,2,999.0,2732;2733,1,backward_lookahead_connect,long_continuous_segment_needs_manual_check,190
2732,RSHO,*65,-4.141261580851353,0.11024419659009883,2.677495873256106,2,999.0,2733;2734,1,backward_lookahead_connect,long_continuous_segment_needs_manual_check,190
2733,RSHO,*65,-4.240484523434109,0.052572339183825215,2.647816526701476,2,999.0,2734;2735,1,backward_lookahead_connect,long_continuous_segment_needs_manual_check,190
2734,RSHO,*65,-4.321803941763951,0.06312003144454414,2.582197161993932,2,999.0,2735;2736,1,backward_lookahead_connect,long_continuous_segment_needs_manual_check,190
2735,RSHO,*65,-4.310422397042025,0.06009578522468267,2.5924870126666377,2,999.0,2736;2737,1,backward_lookahead_connect,long_continuous_segment_needs_manual_check,190
2736,RSHO,*65,-4.289630032272174,0.0761946619624616,2.5958395041181177,2,999.0,2737;2738,1,backward_lookahead_connect,long_continuous_segment_needs_manual_check,190
2737,RSHO,*65,-4.303159174889671,0.06195571202508565,2.5963465093466027,2,999.0,2738;2739,1,backward_lookahead_connect,long_continuous_segment_needs_manual_check,190
2738,RSHO,*65,-4.323096075701118,0.05548379594948666,2.5867286631067117,2,999.0,2739;2740,1,backward_lookahead_connect,long_continuous_segment_needs_manual_check,190
2739,RSHO,*65,-4.266949308673295,0.07032696422840676,2.616231233641642,2,999.0,2740;2741,1,backward_lookahead_connect,long_continuous_segment_needs_manual_check,190
2740,RSHO,*65,-4.2012356681473655,0.07803804953157627,2.6576616302293274,2,999.0,2741;2742,1,backward_lookahead_connect,long_continuous_segment_needs_manual_check,190
2741,RSHO,*65,-4.201468498657815,0.04998632342701818,2.6775322699394053,2,999.0,2742;2743,1,backward_lookahead_connect,long_continuous_segment_needs_manual_check,190
2742,RSHO,*65,-4.160972133410311,0.07667825570229651,2.68739257920528,2,999.0,2743;2744,1,backward_lookahead_connect,long_continuous_segment_needs_manual_check,190
2743,RSHO,*65,-4.15398076698292,0.06969878794891811,2.697371746477259,2,999.0,2744;2745,1,backward_lookahead_connect,long_continuous_segment_needs_manual_check,190
2744,RSHO,*65,-4.159709950095081,0.05222355721956482,2.7057617804895386,2,999.0,2745;2746,1,backward_lookahead_connect,long_continuous_segment_needs_manual_check,190
2745,RSHO,*65,-4.120263794334293,0.03535068903418268,2.7459896547368032,2,999.0,2746;2747,1,backward_lookahead_connect,long_continuous_segment_needs_manual_check,190
2746,RSHO,*65,-4.061803492106419,0.04403263529066435,2.7815456232877978,2,999.0,2747;2748,1,backward_lookahead_connect,long_continuous_segment_needs_manual_check,190
2747,RSHO,*65,-3.930598540083291,0.08425554035467439,2.846532799687168,2,999.0,2748;2749,1,backward_lookahead_connect,long_continuous_segment_needs_manual_check,190
2748,RSHO,*65,-3.816408315022109,0.09646468024269918,2.919376431953708,2,999.0,2749;2750,1,backward_lookahead_connect,long_continuous_segment_needs_manual_check,190
2749,RSHO,*65,-3.6576959319586146,0.10373556864718668,3.027548928138714,2,999.0,2750;2751,1,backward_lookahead_connect,long_continuous_segment_needs_manual_check,190
2750,RSHO,*65,-3.5812100405963703,0.10263908707438787,3.082964908806602,2,999.0,2751;2752,1,backward_lookahead_connect,long_continuous_segment_needs_manual_check,190
2751,RSHO,*65,-3.4331519588869632,0.07031425500374923,3.21180984722092,2,999.0,2752;2753,1,backward_lookahead_connect,long_continuous_segment_needs_manual_check,190
2752,RSHO,*65,-3.3609007458246145,0.06413257425512356,3.267833342800188,2,999.0,2753;2754,1,backward_lookahead_connect,long_continuous_segment_needs_manual_check,190
2753,RSHO,*65,-3.2772728785182954,0.10740291363089226,3.2966601484648663,2,999.0,2754;2755,1,backward_lookahead_connect,long_continuous_segment_needs_manual_check,190
2754,RSHO,*65,-3.2599965434647418,0.04844317566398056,3.351114486336627,2,999.0,2755;2756,1,backward_lookahead_connect,long_continuous_segment_needs_manual_check,190
2755,RSHO,*65,-3.1923595579876256,0.04989317905006644,3.398390902115935,2,999.0,2756;2757,1,backward_lookahead_connect,long_continuous_segment_needs_manual_check,190
2756,RSHO,*65,-3.109091814153433,0.06113419889212553,3.4498385621103154,2,999.0,2757;2758,1,backward_lookahead_connect,long_continuous_segment_needs_manual_check,190
2757,RSHO,*65,-3.0758331375089636,0.07777881214801292,3.4617057502450166,2,999.0,2758;2759,1,backward_lookahead_connect,long_continuous_segment_needs_manual_check,190
2758,RSHO,*65,-3.038963482542151,0.01888761977814792,3.5301063554855006,2,999.0,2759;2760,1,backward_lookahead_connect,long_continuous_segment_needs_manual_check,190
2759,RSHO,*65,-3.0283583203542213,0.03965707318448848,3.5228461474723503,2,999.0,2760;2761,1,backward_lookahead_connect,long_continuous_segment_needs_manual_check,190
2760,RSHO,*65,-2.1616504263230807,0.8962595457471227,3.5300643056641405,2,999.0,2761;2762,1,backward_lookahead_connect,long_continuous_segment_needs_manual_check,190
2761,RSHO,*65,-1.4051640243664654,1.6519857995682175,3.530607268618084,2,999.0,2762;2763,1,backward_lookahead_connect,long_continuous_segment_needs_manual_check,190
2762,RSHO,*65,-2.4882722534587387,1.550647377969846,2.8293431204081543,2,999.0,2763;2764,1,backward_lookahead_connect,long_continuous_segment_needs_manual_check,190
2763,RSHO,*65,-1.7641046857079417,1.460245823255822,3.411178207883026,2,999.0,2764;2765,1,backward_lookahead_connect,long_continuous_segment_needs_manual_check,190
2764,RSHO,*65,-2.598520421370492,1.4837223683260563,2.7983980073596086,2,999.0,2765;2766,1,backward_lookahead_connect,long_continuous_segment_needs_manual_check,190
2765,RSHO,*65,-2.7395025866944804,0.6997892196059999,3.2576487097853715,2,999.0,2766;2767,1,backward_lookahead_connect,long_continuous_segment_needs_manual_check,190
2766,RSHO,*65,-4.136590350440525,0.10748362175415094,2.6828043055752318,2,999.0,2767;2768,1,backward_lookahead_connect,long_continuous_segment_needs_manual_check,190
2767,RSHO,*65,-4.26730526600806,0.04263047065073525,2.6357601881008605,2,999.0,2768;2769,1,backward_lookahead_connect,long_continuous_segment_needs_manual_check,190
2768,RSHO,*65,-4.28988204036103,0.10137272605575498,2.577675166845154,2,999.0,2769;2770,1,backward_lookahead_connect,long_continuous_segment_needs_manual_check,190
2769,RSHO,*65,-4.39116042342474,0.057805231320457236,2.5364531037534306,2,999.0,2770;2771,1,backward_lookahead_connect,long_continuous_segment_needs_manual_check,190
2770,RSHO,*65,-4.523103784624935,0.08692199692245291,2.421410156037581,2,999.0,2771;2772,1,backward_lookahead_connect,long_continuous_segment_needs_manual_check,190
2771,RSHO,*65,-4.659690878246094,0.0694035499294242,2.3363611227317733,2,999.0,2772;2773,1,backward_lookahead_connect,long_continuous_segment_needs_manual_check,190
2772,RSHO,*65,-4.746160439453351,0.06181761633485576,2.2800156744369957,2,999.0,2773;2774,1,backward_lookahead_connect,long_continuous_segment_needs_manual_check,190
2773,RSHO,*65,-4.916158521227848,0.02950961438091719,2.1816656174223112,2,999.0,2774;2775,1,backward_lookahead_connect,long_continuous_segment_needs_manual_check,190
2774,RSHO,*65,-4.954977639642735,0.059723453977238404,2.132356361700019,2,999.0,2775;2776,1,backward_lookahead_connect,long_continuous_segment_needs_manual_check,190
2775,RSHO,*65,-5.029451298853164,0.05300291879338417,2.083961273109608,2,999.0,2776;2777,1,backward_lookahead_connect,long_continuous_segment_needs_manual_check,190
2776,RSHO,*65,-5.081407029290464,0.07275810645607389,2.0327391887524726,2,999.0,2777;2778,1,backward_lookahead_connect,long_continuous_segment_needs_manual_check,190
2777,RSHO,*65,-5.153903701540253,0.06843470782197252,1.9840439933126959,2,999.0,2778;2779,1,backward_lookahead_connect,long_continuous_segment_needs_manual_check,190
2778,RSHO,*65,-5.129907148243086,0.12989810265623933,1.9572819636433394,2,999.0,2779;2780,1,backward_lookahead_connect,long_continuous_segment_needs_manual_check,190
2779,RSHO,*65,-5.242035089562981,0.11331124155347283,1.889038334916819,2,999.0,2780;2781,1,backward_lookahead_connect,long_continuous_segment_needs_manual_check,190
2780,RSHO,*65,-5.248297036113248,0.13794224238318495,1.8669719439311194,2,999.0,2781;2782,1,backward_lookahead_connect,long_continuous_segment_needs_manual_check,190
2781,RSHO,*65,-5.431916659684406,0.07293313147785684,1.782250149169812,2,999.0,2782;2783,1,backward_lookahead_connect,long_continuous_segment_needs_manual_check,190
2782,RSHO,*65,-5.448680750582395,0.0750101025552313,1.7687922477588387,2,999.0,2783;2784,1,backward_lookahead_connect,long_continuous_segment_needs_manual_check,190
2783,RSHO,*65,-5.4185883984078735,0.1105054609278409,1.7649329576173471,2,999.0,2784;2785,1,backward_lookahead_connect,long_continuous_segment_needs_manual_check,190
2784,RSHO,*65,-5.518859023138174,0.08150732809096689,1.7140240348363278,2,999.0,2785;2786,1,backward_lookahead_connect,long_continuous_segment_needs_manual_check,190
2785,RSHO,*65,-5.533198117372789,0.11752349152152,1.6780559936469217,2,999.0,2786;2787,1,backward_lookahead_connect,long_continuous_segment_needs_manual_check,190
2786,RSHO,*65,-5.620679703235461,0.07623162890809076,1.6450633341831775,2,999.0,2787;2788,1,backward_lookahead_connect,long_continuous_segment_needs_manual_check,190
2787,RSHO,*65,-5.621345667646134,0.07996419763231823,1.6419215248011056,2,999.0,2788;2789,1,backward_lookahead_connect,long_continuous_segment_needs_manual_check,190
2788,RSHO,*65,-5.689155874272595,0.08591695155135395,1.5892336958400364,2,999.0,2789;2790,1,backward_lookahead_connect,long_continuous_segment_needs_manual_check,190
2789,RSHO,*65,-5.74259033134883,0.08221973749908541,1.5537070936800603,2,999.0,2790;2791,1,backward_lookahead_connect,long_continuous_segment_needs_manual_check,190
2790,RSHO,*65,-5.7839371261180395,0.05231514271759996,1.545534093688829,2,999.0,2791;2792,1,backward_lookahead_connect,long_continuous_segment_needs_manual_check,190
2791,RSHO,*65,-5.799061576006174,0.07292996456306107,1.5200060424505466,2,999.0,2792;2793,1,backward_lookahead_connect,long_continuous_segment_needs_manual_check,190
2792,RSHO,*65,-5.385336564066808,0.5422646157891192,1.480284871531481,2,999.0,2793;2794,1,backward_lookahead_connect,long_continuous_segment_needs_manual_check,190
2793,RSHO,*65,-4.774685165409417,1.1483660874618902,1.4835348193776383,2,999.0,2794;2795,1,backward_lookahead_connect,long_continuous_segment_needs_manual_check,190
2794,RSHO,*65,-3.198979710664113,2.028827585666236,1.9801376454783224,2,999.0,2795;2796,1,backward_lookahead_connect,long_continuous_segment_needs_manual_check,190
2795,RSHO,*65,-2.4444510572795624,3.5049561221912966,1.464709157520815,2,999.0,2796;2797,1,backward_lookahead_connect,long_continuous_segment_needs_manual_check,190
2796,RSHO,*65,-2.181468690168564,3.794453940179292,1.4457695497515317,2,999.0,2797;2798,1,backward_lookahead_connect,long_continuous_segment_needs_manual_check,190
2797,RSHO,*65,-3.6252373159199482,2.254654262718073,1.5143631581156995,2,999.0,2798;2799,1,backward_lookahead_connect,long_continuous_segment_needs_manual_check,190
2798,RSHO,*65,-3.327658081032456,2.537562633433837,1.5248423468097911,2,999.0,2799;2800,1,backward_lookahead_connect,long_continuous_segment_needs_manual_check,190
2799,RSHO,*65,-0.6062848325706742,5.543416577183751,1.3216418501754106,2,999.0,2800;2801,1,backward_lookahead_connect,long_continuous_segment_needs_manual_check,190
2800,RSHO,*65,0.5722166532510311,6.109245174826147,1.7592653417320605,2,999.0,2801;2802,1,backward_lookahead_connect,long_continuous_segment_needs_manual_check,190
2801,RSHO,*65,-2.4241546668827336,3.0056369457834933,1.8358631338098377,2,999.0,2802;2803,1,backward_lookahead_connect,long_continuous_segment_needs_manual_check,190
2802,RSHO,*65,-2.433959070811099,3.0367950699992634,1.8066041851354555,2,999.0,2803;2804,1,backward_lookahead_connect,long_continuous_segment_needs_manual_check,190
2803,RSHO,*65,3.3746265686860486,8.814432652794862,1.8287099399222768,2,999.0,2804;2805,1,backward_lookahead_connect,long_continuous_segment_needs_manual_check,190
2804,RSHO,*65,-0.5758051542631026,5.45762107635538,1.4046955495582267,2,999.0,2805;2806,1,backward_lookahead_connect,long_continuous_segment_needs_manual_check,190
2805,RSHO,*65,-4.465817273194264,0.7947755757761861,1.956719393592536,2,999.0,2806;2807,1,backward_lookahead_connect,long_continuous_segment_needs_manual_check,190
2806,RSHO,*65,0.21867126791729063,5.763205896438802,1.7539038367703483,2,999.0,2807;2808,1,backward_lookahead_connect,long_continuous_segment_needs_manual_check,190
2807,RSHO,*65,1.5992050626351908,7.129523275467112,1.764058419405771,2,999.0,2808;2810,1,backward_lookahead_connect,long_continuous_segment_needs_manual_check,190
2808,RSHO,*65,-5.348517718638113,0.624015307336179,1.4481906957326487,2,999.0,2810;2811,2,backward_lookahead_connect,long_continuous_segment_needs_manual_check,190
